Unique ID,Title,Source,Owner,Status
1,"Mt. Vesuvius, Italy",http://en.wikipedia.org/wiki/Mount_Vesuvius,Liz,Needs editing
2,Plate Tectonics,http://en.wikipedia.org/wiki/Plate_tectonics,Thomas,Done
3,Lava,http://en.wikipedia.org/wiki/Lava,Thomas,Needs to be written
4,"Mt. Olympus, Greece",http://en.wikipedia.org/wiki/Mt._Olympus,Liz,Done
5,Types of Volcanic Eruptions,http://en.wikipedia.org/wiki/Types_of_volcanic_eruptions,Thomas,Needs editing
6,"Olympus Mons, Mars",http://en.wikipedia.org/wiki/Olympus_mons,Liz,Done
7,"Krakatoa, Indonesia",http://en.wikipedia.org/wiki/Krakatoa,Thomas,Needs editing
8,"Mount St. Helens, USA",http://en.wikipedia.org/wiki/Mount_St._Helens,Liz,Needs to be written
9,"Eyjafjallajökull, Iceland",http://en.wikipedia.org/wiki/Eyjafjallajokull,Thomas,Done
10,Tephra,http://en.wikipedia.org/wiki/Tephra,Thomas,Done
11,Igneous Rocks,http://en.wikipedia.org/wiki/Igneous,Liz,Needs editing
12,Magma,http://en.wikipedia.org/wiki/Magma,Liz,Done
13,"Tharsis Montes, Mars",http://en.wikipedia.org/wiki/Tharsis_Montes,Thomas,Done
14,Stratovolcano,http://en.wikipedia.org/wiki/Stratovolcano,Thomas,Done
15,What’s a Volcano,http://en.wikipedia.org/wiki/Volcano,Liz,Needs to be written
